names,actual utr
Carlos Alcaraz,15.27
Holger Vitus Nødskov Rune,14.86
Hamad Medjedovic,14.12
Giovanni Mpetshi Perricard,14.02
Arthur Fils,13.9
Luca Nardi,13.89
Toby Kodat,13.86
Shintaro Mochizuki,13.83
Martin Damm,13.82
Jerome Kym,13.76
Luca Van Assche,13.73
Daniel Rincon,13.67
Juncheng Shang,13.51
Sean Cuenin,13.49
Jack Pinnington Jones,13.37
Daniel Merida,13.32
Bruno Kuzuhara,13.3
Ethan Quinn,13.29
Lui Maxted,13.28
Pierre-yves Bailly,13.28
Alejandro Manzanera Pertusa,13.28
Mark Lajal,13.25
Marc Othman Ktiri,13.23
Maks Kasnikowski,13.22
Abedallah Shelbayh,13.2
James Mccabe,13.19
Michael Zheng,13.18
Gabriele Piraino,13.17
Max Westphal,13.16
Viacheslav Bielinskyi,13.13
Kyle Kang,13.12
Samir Banerjee,13.1
Dino Prizmic,13.1
Giorgio Tabacco,13.1
Max Hans Rehberg,13.08
Kalin Ivanovski,13.07
Marko Topo,13.04
Pedro Boscardin Dias,13.03
Giulio Perego,13.03
Aleksander Orlikowski,13
Aidan Mayo,13
Leo Borg,13
Charlelie Cosnet,12.97
Robin Bertrand,12.96
Mika Brunold,12.95
Mili Poljicak,12.94
Alvaro Guillen,12.94
Alexander Bernard,12.94
Miguel Pérez Peña,12.92
Liam Gavrielides,12.91
Mehdi Sadaoui,12.91
Vilius Gaubas,12.9
Henrique Rocha,12.9
Nishesh Basavareddy,12.89
Ozan Colak,12.89
Oscar Pinto Sansano,12.88
Colton Smith,12.88
Sebastian Dominko,12.87
Victor Lilov,12.87
Dali Blanch,12.86
Edas Butvilas,12.85
Sebastian Gorzny,12.82
Vojtech Petr,12.8
Matthew William Donald,12.8
Richard Gama,12.79
Johan Alexander Rodriguez,12.79
Daniel Bagnolini,12.76
German Samofalov,12.76
Jack Anthrop,12.76
Martyn Pawelski,12.75
Derek Pham,12.75
Adam Jurajda,12.74
Artur Kukasian,12.74
Jakub Mensik,12.73
Pedro Rodenas,12.73
Benjamin Kittay,12.73
Alexander Blockx,12.72
Constantinos Koshis,12.71
Gonzalo Sebatian Bueno Rodríguez,12.71
Edward Winter,12.69
Miguel Gomes,12.69
Thibault Verdier,12.69
Gerard Planelles Ripoll,12.68
Elmer Moller,12.68
Adolfo Daniel Vallejo,12.68
Bor Artnak,12.67
Braden Shick,12.66
Aidan Kim,12.64
João Loureiro,12.64
Alex Michelsen,12.64
Luka Mikrut,12.63
Paul Inchauspe,12.63
Sascha Gueymard Wayenburg,12.62
Martin Katz,12.61
Nicolas Kotzen,12.61
Matias Ponce De Leon,12.6
Philip Sekulic,12.6
Daniel Siniakov,12.6
Jaden Weekes,12.59
Arda Azkara,12.59
Nikolay Nedelchev,12.59
Azuma Visaya,12.59
Spencer Johnson,12.59
Gerard Campana Lee,12.59
Nathan Cox,12.59
William Nolan,12.59
Sean Daryabeigi,12.59
Petr Nesterov,12.58
Stefan Popovic,12.58
Rohan Murali,12.56
Philip Florig,12.55
Igor Kudriashov,12.54
Marko Andrejic,12.54
Chirag Duhan,12.53
Lucas Brown,12.52
Peter Benjamin Privara,12.52
Nicholas Heng,12.52
Konstantin Zhzhenov,12.52
William Mroz,12.51
Daniel Sancho Arbizu,12.51
Casey Hoole,12.5
Petar Jovanovic,12.49
Alexander Razeghi,12.49
Bjorn Swenson,12.49
Petar Teodorovic,12.49
Jayden Templeman,12.49
Adit Sinha,12.48
Michael Ross,12.47
Artem Podorozhnyi,12.47
Daniele Minighini,12.46
Masato Perera,12.46
Daniil Ostapenkov,12.45
Antoine Ghibaudo,12.45
Maxime St-hilarie,12.45
Vignesh Gogineni,12.45
Ethan Muza,12.44
Yannik Rahman,12.44
Ignacio Buse,12.44
Kokoro Isomura,12.43
Ryan Colby,12.43
Orel Kimhi,12.43
Christopher Li,12.42
Branko Djuric,12.41
Caspar Jalili Mikkelsen,12.41
Jonah Braswell,12.41
Mika Lipp,12.4
Mehdi Benchakroun,12.39
Jaime Faria,12.39
Juan Manuel La Serna,12.39
Olaf Pieczkowski,12.38
Joshua Dous Karpenschif,12.38
Woobin Shin,12.37
Aadarsh Tripathi,12.37
Alex Cairo,12.36
Maximilian Homberg,12.36
Patrick Brady,12.36
Mikalai Bankou,12.35
Emiliano Aguilera Guerrero,12.35
Ron Ellouck,12.35
Elijah Poritzky,12.35
Landon Ardila,12.35
Cooper Williams,12.35
Jakub Nicod,12.34
Hynek Barton,12.34
Ansh Shah,12.34
Filip Pieczonka,12.34
David Leon Moros,12.34
Carlos Joaquín Ramos Membrives,12.33
Sebastian Sec,12.33
Noah Merre,12.33
Pedro Liborio,12.33
Melchior Delloye,12.32
Gabriel Debru,12.32
Neo Niedner,12.32
Rodrigo Pacheco Mendez,12.31
Lucas Olivier,12.31
Alessio Tramontin,12.3
Gilles Arnaud Bailly,12.3
Yannick Wunderlich,12.3
Jean Baptiste Badon,12.3
Antonio Prat Gil,12.3
Oliver Tarvet,12.3
Isac Stroemberg,12.29
Hudson Rivera,12.29
Vasco Leote Prata,12.29
Gianluca Ballotta,12.29
Ezequiel Monferrer,12.29
Arthur Gea,12.29
Rohan Sachdev,12.29
Mariano Tammaro,12.28
Gabriele Datei,12.28
Zhan Zheng,12.28
Jeremy Jin,12.28
Henrik Bladelius,12.27
Ondrej Valek,12.27
Jelani Sarr,12.27
Aleksa Pisaric,12.26
Juan Carlos Prado Angelo,12.26
Maxime Dubouch,12.26
Anton Arzhankin,12.26
Yannik Kelm,12.26
Yanaki Milev,12.26
Lennon Roark Jones,12.26
Younes Djouder,12.25
Veljko Krstic,12.25
Derrick Chen,12.24
Tom Gentzsch,12.24
Alexandru Mihai Coman,12.24
Kilian Feldbausch,12.23
Aleksandar Tomas,12.23
Dinko Dinev,12.22
Baran Soyler,12.22
Nathan Guiovanna,12.22
Jan Sebesta,12.22
Marcel Kamrowski,12.22
Yunseok Jang,12.22
Arthur Nagel,12.22
Pietro Pampanin,12.21
Joel Pierleoni,12.21
Erik Arutiunian,12.21
Preston Stearns,12.21
Emon Van Loben Sels,12.21
Stylianos Christodoulou,12.21
Learner Tien,12.21
Lautaro Midon,12.2
Noritaka Koizumi,12.2
Jan Simonsson,12.19
Hugo Hashimoto,12.19
Nicolas Eli,12.19
Leo Raquin,12.19
Rithvik Krishna,12.18
Gabriel Matuszewski,12.18
Gabriele Thomas Brancatelli,12.17
Togan Tokac,12.17
Alexander Visser,12.16
Timothy Phung,12.16
Eduardo Morais,12.16
Adam Duan,12.16
Devin Badenhorst,12.15
Joao Eduardo Schiessl,12.15
Teddy Truwit,12.14
Louis Cloud,12.14
Mattias Southcombe,12.14
Sebastian Eriksson,12.13
Marko Stakusic,12.13
Noah Becker,12.13
Matic Krifnik,12.13
Alejandro Turriziani,12.13
Niccolo Ciavarella,12.13
Idriss Haddouch,12.13
William Cooksey,12.13
Waleed Qadir,12.13
William Ribero,12.13
Lenn Luemkemann,12.12
Måns Dahlberg,12.12
Top Nidunjianzan,12.12
Lawee Sherif,12.12
Alessio Vasquez Gehrke,12.11
Stepan Baum,12.11
Mert Oral,12.11
Rudy Ceccon,12.11
Borys Zgola,12.1
Shin Maksim,12.1
Jamie Connel,12.1
Jackson Armistead,12.1
Yassine Dlimi,12.1
Maxwell Sheldon,12.1
Nicholas Godsick,12.09
Rafael Segado Esteve,12.09
John Walentowicz,12.09
Stefanos Sakellaridis,12.08
Martin Machala,12.08
Zane Ford,12.08
Christophe Clement,12.08
Rudy Quan,12.08
Ritesh Patil,12.07
Victor Tosetto,12.07
Peter Nad,12.06
Maxim Zhukov,12.06
Ilia Simakin,12.06
Vlad Cristian Breazu,12.06
Gabrielius Gužauskas,12.06
Guntinun Sootinun-opart,12.06
Walid Ahouda,12.05
Shay Bar-menahem,12.05
Juan Camilo Pérez Góngora,12.05
Yujiro Onuma,12.05
Jay Friend,12.05
Nicholas Steiglehner,12.04
Luis Felipe Queiroz Miguel,12.04
Alexander Frusina,12.04
Ellis Short V,12.04
Ethan Schiffman,12.03
Arthus De La Bassetiere,12.03
Noa Vukadin,12.03
Mikhail Korkunov,12.03
Alin Fatu,12.03
Stefano D'agostino,12.03
Berk Bugarikj,12.02
Edson Alejandro Sanchez Elizondo,12.02
Luis Carlos Alvarez Valdes,12.02
Martin Antonio Vergara Del Puerto,12.01
Noah Regas,12.01
Birtan Duran,12.01
Alessio Basile,12.01
Alejandro Verdasco Ortiz,12
Corban Crowther,12
Iliyan Radulov,12
Lorenzo Esquici,12
David Fix,12
Federico Bondioli,11.99
Illya Maksymchuk,11.99
Pijus Vaitiekunas,11.99
Bastiaan Weststrate,11.98
Matija Samardzic,11.98
Ruslan Tiukaev,11.98
Seydina Andre,11.98
Alan Bojarski,11.98
Alexander Chang,11.98
Lukas Maskow,11.97
John Kim,11.97
Diogo Morais,11.97
Aleksa Krivokapic,11.97
Rashed Nawaf,11.97
Manfredi Graziani,11.96
Valdemar Frederik Pape,11.96
Martin Mazev,11.96
Martin Landaluce,11.96
Gokberk Saritas,11.96
Stefano Liokossis,11.96
Andrew Chang,11.95
Nicola Filippi,11.95
Maj Premzl,11.94
Grant Lothringer,11.94
Jonathan Irwanto,11.94
Gianluca Citadini,11.94
Nikola Zekic,11.94
Meecah Bigun,11.94
Demin Yaroslav,11.94
Matthew Rutter,11.93
Majun Li,11.93
Vladimir Bazilevskiy,11.93
Santiago Giamichelle,11.93
Karim Ibrahim,11.93
loan Lestir,11.92
Timothy Carlsson Seger,11.92
Filip Mandovic,11.92
Eli Stephenson,11.92
Kian Vakili,11.92
Kacper Szymkowiak,11.92
Dylan Dietrich,11.92
Andrej Nedic,11.92
Arthur O'sullivan,11.92
Diogo Alves,11.92
Ryan Torres,11.91
Kyle Totorica,11.91
Luke Neal,11.91
Liam Oliver,11.91
Pavlos Parson,11.9
Anton Stendal,11.9
David Saye,11.9
Jerry Barton,11.9
Conrad Brown,11.9
Geni Inoue,11.9
Filippo Romano,11.89
Stian Klaassen,11.89
Gabriel Generoso,11.89
Chase Thompson,11.89
Adriano Dzhenev,11.88
German Mingaleev,11.88
Ajay Malik,11.88
Michael Nicholls,11.88
Paul Werren,11.88
Daniel Cohen,11.88
Bryce Nakashima,11.88
Nishant Dabas,11.88
Pablo Trochu,11.87
Giacomo Nosei,11.87
Reece Yakubov,11.87
Vladimir Popov,11.87
Danil Panarin,11.86
Gabriel Constantino,11.86
Adria Pol Torres,11.86
Aljaf Jeran,11.86
Arslan Temirhanov,11.86
Brayden Michna,11.86
Patrik Jurina,11.85
Luc Boulier,11.85
Daniel Verbeek,11.85
Eric Li,11.85
Attila Boros,11.85
Matt Rankin,11.85
Jake Christopher Vassel,11.85
Juan Diego Rojas,11.85
Mikail Alimli,11.85
Roy Horovitz,11.84
Pol Del Castillo,11.84
Ainius Sabaliauskas,11.84
Romain Gales,11.84
Aman Dahiya,11.84
Will Mayew,11.84
Joe Misrahi,11.84
Alejandro Bancalari,11.84
Chuan Yu Ciou,11.83
Jan Kobierski,11.83
Toky Nicolas Ranaivo,11.83
Oliver Ojakaar,11.83
Dogeon Park,11.83
Carl Roothman,11.83
Photos Photiades,11.82
Lincoln Battle,11.82
Kurt Miller,11.82
Nikita Filin,11.82
Aleksei Mokrov,11.82
Yamato Sueoka,11.82
Yua Taka,11.82
Jangjun Kim,11.81
Benito Massacri,11.81
Samer Al Tori,11.81
Hans Bustiman,11.81
Boyeni Keenan,11.81
Alexander Aney,11.81
Maxence Rivet,11.81
Sebastian Sorger,11.81
Jan Hrazdil,11.81
Quang Duong,11.81
Mitchell Lee,11.81
Woohyuk Sim,11.81
Gregor Hausberger,11.8
Giammarco Gandolfi,11.8
Marko Jovanovic,11.8
Abraar Iqbal,11.8
Ye Hongyu,11.8
Chad Miller,11.8
Ce´sar Bouchelaghem,11.8
Gal Emeršič Potočnik,11.8
Carlos Gimenez Perez,11.8
Reiya Komagata,11.79
Cooper White,11.79
Ethan Dunn,11.79
Luke Connor Heron,11.79
Artem Cherepin,11.79
Michael Minasyan,11.79
Jiri Jindacek,11.78
Edvards Liepins,11.78
Frederic Vögeli,11.78
Ilya Lebedev,11.78
Francisco Pini,11.77
Luc Koenig,11.77
Egor Khotchenkov,11.77
Kaylan Bigun,11.77
Albert Saar,11.77
Peter Buldorini,11.77
Nathan Mao,11.77
Florian Armand,11.77
Fran Mitrovic,11.77
Emilio Vila,11.77
Jose Migue Fernandez Martinez,11.76
Pierre Humayou,11.76
Maciej Kos,11.76
Dion Loutas,11.76
Juan David Velasquez,11.76
Maximus Jones,11.76
Cesar Bouchelaghem,11.76
Andrei Leonov,11.75
Luis Francisco,11.75
Marko Mesarovic,11.75
Alexander Knox-jones,11.75
Filip Apltauer,11.75
Karol Tomański,11.75
William Jansen,11.75
Josh Portnoy,11.75
Francisco Tomas Geschwind,11.74
Patryk Stokowski,11.74
Jannik Maute,11.74
Lucca Liu,11.74
Alexandre Gluck,11.74
Daniel Torres Muñoz,11.74
Vit Kalina,11.74
Sam Landau,11.74
Dragos Nicolae Cazacu,11.74
Herrick Thomas Legaspi,11.74
Joseph Phillips,11.73
Chase Fralick,11.73
Sachin Palta,11.73
Gleb Kuharev,11.72
Jacco Arends,11.72
Andrin Casanova,11.72
Marco Migliorati,11.72
Vladislav Gorbatenko,11.72
Joel Schwaerzler,11.71
Karan Singh,11.71
Dylan Charlap,11.71
Leanid Boika,11.71
Agustin Cuellar,11.71
Abderrahman Wissam,11.71
Nicolas Colne,11.71
Carlos Guerrero Alvarez,11.7
Evangelos Kypriotis,11.7
Iker Urribarrens Ramirez,11.7
Matthias Ujvary,11.7
Nathaniel Webster,11.7
Georgios Nouchakis,11.7
Nacho Serra Sanchez,11.69
Lambert Ruland,11.69
Daan Van Dijk,11.69
Ryan Cahill,11.69
Cooper Errey,11.69
Alan Jesudason,11.69
Michal Krajci,11.69
Zamaan Moledina,11.68
Hugo Salmeron,11.68
Stepan Mruzek,11.68
Luca Hotze,11.68
Aarush Ganji,11.68
Billy Blaydes,11.68
Tiago Pires,11.68
Viktor Markov,11.68
Kauã Gava,11.68
Gustav Hasslegren,11.68
Andre Steinbach,11.68
Patrick Schoen,11.68
Arslanbek Temirhanov,11.68
Luka Butera,11.68
Mitchell Deames,11.68
Owen Megargee,11.68
Edward Tymes,11.68
Alen Mujakic,11.67
Roan Jones,11.67
Youssef Labbene,11.67
Kabeer Kapasi,11.67
Dusan Baranec,11.67
Andrew Delgado,11.67
Hardy Owen,11.67
Etienne Marty,11.67
Tin Ostro,11.66
Timofey Stepanov,11.66
Piotr Kusiewicz,11.66
Alex Koong,11.66
Charlie Camus,11.66
Ryan Morgan,11.65
Nikolay Sysoev,11.65
Markus Giersiepen,11.65
Oldrich Vejsicky,11.65
Jordi Domenech Castillo,11.65
Lorenzo Sciahbasi,11.65
Jan Dimitrijevič,11.65
Sasha Rozin,11.65
Erik Kovacs,11.65
Arthur Macquart,11.65
Harry Lazell,11.65
Matej Dodig,11.64
Sergio Callejon Hernando,11.64
Guangsen Wen,11.64
Josef Zapletal,11.64
Enrique Peña,11.64
Nate Bonetto,11.64
Ekansh Kumar,11.64
Oliver Olsson,11.64
Samuel Frizelle,11.64
Nicolas Kobelt,11.64
Karim Al-amin,11.64
Jakub Prachar,11.63
Martin Benes,11.63
Matthew Burton,11.63
Hyeondeok Yoon,11.63
Jeffrey Etterbeek,11.63
Youssef Sadek,11.63
Maximilian Wuelfing,11.63
Filippos Astreinidis,11.63
Mark Havlicek,11.62
Ivan La Cava,11.62
Mirko Lagasio,11.62
Norbert Marosik,11.62
Luka Jovanovic,11.62
Danilo Raicevic,11.62
Seonung Cho,11.62
Eddie Vo,11.62
Fernando Perez Rodenas Herrer,11.62
Hady El Kordy,11.62
Adrian Dibildox,11.61
Nicolas Villalon,11.61
Theo Papamalamis,11.61
Nemanja Stefanovic,11.61
Miko Wassermann,11.61
Robert Bauer,11.61
Garen Spicka,11.61
Zach Viiala,11.61
Jonasz Dziopak,11.6
Aleksander Chayka,11.6
Taym Alazmeh,11.6
Nicolas Niã±o Mendoza,11.6
Zoran Ludoski,11.6
Aman Sharma,11.6
Sami Ozzor,11.6
Radovan Michalik,11.6
Shuannon Tricerri,11.6
Juan Jose Vargas,11.59
Michael Choi,11.59
Theodoros Mitsakos,11.59
Wadym Konowczuk,11.59
Harry Rock,11.59
Manuel Mouilleron Salvo,11.58
Santiago Navarro,11.58
Florent Limani,11.58
Evan Lee,11.58
Chase Robinson,11.57
Santiago Arredondo,11.57
Žiga Švec,11.57
William Bartram,11.57
Jb Pickard,11.57
Sean Joseph,11.57
Robin Beillan,11.57
Patrick Jozwicki,11.57
Felipe Lopez Comper,11.57
Sandro Szic Domingo,11.57
Connor Smillie,11.57
Alen Bill,11.56
Gunuk Kang,11.56
Azariah Rusher,11.56
Min Jae Kim,11.56
Karol Tomanski,11.56
Ryan Xiao,11.56
Luca Pow,11.56
Phoenix Weir,11.56
Eskander Guryev,11.55
Hyeoung Jin Kim,11.55
Abdurahman Saidmuhamedov,11.55
Atakan Karahan,11.55
Davis Taylor,11.55
Lukas Janousek,11.55
Michael Bassem Sobhy,11.54
Alexandr Achour,11.54
Dylan Tsoi,11.54
Freek Van Donselaar,11.54
Emilien Demanet,11.54
Walker Oberg,11.54
Simon Malis,11.54
Kaj Quirijns,11.54
Kenta Miyoshi,11.53
Thomas Kennedy,11.53
Alejandro Juan Mano,11.53
Gabriel Elicha Navas,11.53
Diego Duran,11.53
Luke Bracks,11.53
Alejo Sánchez Quilez,11.53
Deacon Thomas,11.53
Louis Bowden,11.52
Connor Kruger,11.52
Luca Van Den Berg,11.52
Daniel Phillips,11.52
Ivan Sodan,11.52
Jules Leroux,11.52
Jonatan Sztasak,11.52
Noah Zamora,11.52
Leon Nikolic,11.52
Pedro Cardoso,11.52
Mihailo Savic,11.52
Fernando Bulnes Garrorena,11.51
Ben Weintraub,11.51
Adamantios Stavrakas,11.51
Luke Amet,11.51
Juanjo Rodriguez Garceran,11.51
Cooper Woestendick,11.51
Ben Hudson,11.5
Marc Majdandzic,11.5
Jack Loutit,11.5
Omar Suarez Berrezueta,11.5
Yeray Andres Pastor,11.5
Goran Zgola,11.5
Venedikt Tsirikidze,11.5
Ian Rasheed,11.5
Credit Chaiyarin,11.5
Eric David Verdes,11.49
Artur Khairutdinov,11.49
Radomir Tomic,11.49
Maximilian W Uelfing,11.49
Pablo Perez Ramos,11.49
Noah Hernandez,11.49
Ivan Penev,11.49
Yoni Yehonathan Bidny,11.49
Andy Nguyen,11.49
Eli Wood,11.48
Jayanth Devaiah,11.48
Shinnosuke Iwamoto,11.48
Tristan Stringer,11.48
Victor Bini,11.48
Mikaeel Woodman,11.48
Volodymyr Iakubenko,11.47
Siwanat Auytayakul,11.47
Giuseppe Bonaiuti,11.47
Simon Myslivec,11.47
Braden Hannig,11.47
Krishan Hooda,11.47
Fatih Sari,11.47
Julian Desousa,11.47
Carson Baker,11.47
Lucas Britez,11.47
Guillaume Henchoz,11.47
Maximillian Relic,11.47
Tristan Piombo,11.47
Adam Kresina,11.47
Vasileios Voltirakis,11.47
Adhithya Ganesan,11.47
Jan Kopcik,11.46
Tomasz Berkieta,11.46
Leo Caill,11.46
Mattia Ricci,11.46
Dylan Chang,11.46
Henrique Petiz,11.46
James Van Herzeele,11.46
Pavel Lagutin,11.46
Dusan Rsovac,11.46
Dario Alexandru Ciobotaru,11.45
Suphawat Saeoui,11.45
He Ziheng,11.45
Zachary Pellouchoud,11.45
Alexander Orlov,11.45
Jakub Kroslak,11.45
Hugo Coquelin,11.45
Saveliy Ivanov,11.44
Francisco Sinopoli,11.44
Adhvyte Sharma,11.44
Aj Moore,11.44
Samuel Macleod,11.44
Pol Masafret Hernandez,11.44
Olle Noltorp,11.44
Joan Torres Espinosa,11.44
Kane Bonsach Ganley,11.44
Elijah Cham,11.44
Semen Voronin,11.43
Alejandro Melero,11.43
Alejandro Licea,11.43
Matei Cristian Onofrei,11.43
Safar Rasulov,11.43
Lorenzo Ferri,11.43
Gauthier Charollais,11.43
Philippe Renard,11.43
Taras Ignatiuk,11.43
Matous Otypka,11.43
Lukas Velik,11.43
Richard Biagiotti,11.43
Marsel Fnuderl,11.43
Nicholas Herdoiza,11.43
Gauthier Prince,11.42
Justin Lyons,11.42
Thomas Cardona,11.42
Clement Kubiak,11.42
Kyle Overmyer,11.42
Tristan Sarap,11.42
Jack Brown,11.42
Marcal Miret Avante,11.42
Andy Hernandez,11.42
Eric Padgham,11.41
Alan Ton,11.41
Jakub Filip,11.41
Enrico Baldisserri,11.41
Miguel Avendano Cadena,11.41
Tristan Messerli,11.41
Anro Nel,11.41
Nikola Jovanovic,11.41
Tuncay Duran,11.41
William Wang,11.41
Sandeep Vengatesan Mohandoss,11.41
Lachlan Brain,11.41
Leon Berg,11.4
Marko Milosavljevic,11.4
Tanner Povey,11.4
Ethan Gaubert,11.4
Andreas Scott,11.4
Eduardo Gonzalez,11.4
Jason Shuler,11.4
Jakub Jupa,11.4
Vuk Radjenovic,11.4
Ari Cotoulas,11.4
Ondrej Kratochvil,11.39
Ethan Cook,11.39
Stefan Skobelev,11.39
Robinson Le Meur,11.39
Victor Alves,11.38
James Edley,11.38
Peter Hatton,11.38
Lun Obrul,11.38
Till Brunner,11.38
Andrii Zimnokh,11.38
Xavier Sarda Marti,11.38
Matyas Alan,11.38
Naoya Honda,11.38
Alvaro Peiro Serrano,11.38
Ajay Mahenthiran,11.38
Miles Groom,11.38
Ali Yazdani,11.37
Jack Loge,11.37
Felipe Pinzon,11.37
Tom Calcara,11.37
Reda Bennani,11.37
Paris Pouatcha,11.37
Daniel Antov,11.37
David Naharro Gomez,11.37
Juan David Duque Ramirez,11.37
Tristan Reiff,11.37
Raffaello Papajcik,11.37
Greyson Casey,11.37
Tanguy Lominet,11.36
Mateo Matulovich,11.36
Mikhail Dubrouski,11.36
Pranav Suhas Nemani,11.36
Mujtaba Ali-khan,11.36
Nikhil Niranjan,11.36
Kerem Ozlale,11.36
George Lazarov,11.36
John Chin,11.36
Toprak Avcibasi,11.36
Ethan Denzel Sibanda,11.36
Connor Henry Van Schalkwyk,11.36
Devin Boyer,11.36
Julian Lozano,11.36
Matthew Forbes,11.36
Mario Martinez Serrano,11.36
Win Steveker,11.36
Umut Kaan Yenilmez,11.36
Zinovii Nahirniak,11.36
Brian Chong,11.36
Maxime Hillhouse,11.36
Ioannis Stamoulos,11.35
Max Stenzer,11.35
Casey Hishinuma,11.35
Advik Mareedu,11.35
H. Elamine,11.35
Nico Arts,11.35
Samuel Kyjaci,11.35
Mihnea Petru Zaharia,11.35
Milo Gazivoda,11.35
Kaeri Hernandez Mariona,11.34
Dimitris Paliouras,11.34
Matt Ponchet,11.34
Gianmaria Migliardi,11.34
Woohyuk Chang,11.34
Pavel Petrov,11.34
Alex Giurea,11.33
Joan Nadal,11.33
Lluc Mir Anglada,11.33
Gustavo Tedesco,11.33
Alexander Karman,11.33
Chase Healey,11.33
Tanapatt Nirundorn,11.33
David Santana García,11.33
Pedro Alvarez,11.33
Oscar Lacides,11.33
Pedro Antonio Savelli Cardoso,11.33
Alexander Watanabe Eriksson,11.33
Haktan Garayev,11.33
Alexander Ushakov,11.33
Ian Luca Cervantes Tomas,11.33
Viktor Blom,11.32
Hudson Beaudoin,11.32
Ethan Silva,11.32
Woodam Song,11.32
Semen Aginskiy,11.32
Tamerlan Azizov,11.32
Stephan Gershfeld,11.32
Wil Jenkins,11.32
Valian Rakotondrasoa,11.32
Adam Chodur,11.32
Alexander Adamec,11.32
James Newton,11.32
Nazar Fedoryshyn,11.31
Duncan Chan,11.31
Kaustubh Holcomb,11.31
Filipe Krohn,11.31
Samuel Reeve,11.31
Dakotah Bobo,11.3
Loann Massard,11.3
Otso Martikainen,11.3
Nikolai Barsukov,11.3
Daniel Schmelka,11.3
Fayzullo Mirzaganiev,11.3
Tiago Pereira,11.3
Grigory Shebekin,11.3
Sebastian Carpio Moran,11.29
Georgio Samaha,11.29
Peter Kalocsai,11.29
Abdalla Genidy,11.29
Tobias Wirlend,11.29
Martim Simoes,11.29
Cle´ment Kubiak,11.29
Alejandro Beneyto Sanchez,11.29
Vanja Hodzic,11.29
Douglas Yaffa,11.29
Ryan Mudre,11.29
Valentin Basel,11.29
Kevin Edengren,11.28
Brett Pearson,11.28
Massimo Giunta,11.28
Agustin Gaia,11.28
Andreas Sillaste,11.28
Rocco Mendez,11.28
Freddie Ridout,11.28
Hayato Matsuoka,11.28
Nuno Pinheiro,11.28
Andrew Meier,11.28
Zhanger Almashev,11.27
Adam Panaras,11.27
Luka Plosnic,11.27
Cosme Rolland De Ravel,11.27
Alberto Blumenschein,11.27
Paul Barbier Gazeu,11.27
Sainandan Dore,11.27
Adi Dagan,11.27
Taiyo Uenoyama,11.27
Dmitry Dolzhenkov,11.27
Kirtan Patel,11.26
Tobias Wallin,11.26
Blazej Sopolinski,11.26
Mateusz Kulakowski,11.26
Petar Petrovic,11.26
Luca Daniel Constantin,11.26
Ofek Shimanov,11.26
Ivan Pauliuchenka,11.26
Alexander Stafford,11.26
Jose Garcia,11.26
Niksa Arsic,11.26
Benjamin Ignacio Torres Fernandez,11.26
Mario Monclus Martin,11.25
Eugenio Gonzalez,11.25
Roberto Ferrer Guimaraes,11.25
Sam Baumgartner,11.25
Raghav Jangbahadur,11.25
Killian Guillou,11.25
Tim Hammes,11.25
Raz Katz,11.25
Matthieu Chambonniere,11.25
Sam Scherer,11.24
Igor Mandou Berranger,11.24
James Vincent,11.24
Jean-christophe Baril,11.24
Danial Rakhmatullayev,11.24
Brendan Boland,11.24
Jack Martuccio,11.24
Amir Milushev,11.24
Gregorio De Gasper,11.24
Daniils Snaiders,11.24
Nicholas Mangiapane,11.24
Alberto Garcia Garcia,11.24
Evan Armand,11.24
Javier Montoya Rodriguez,11.23
Alex Padro Parra,11.23
Francisco Borbolla,11.23
Arno Van Droogenbroeck,11.23
Benjamin Pomeranets,11.23
Roy Keegan,11.23
Alec Braund,11.23
Petr Broz,11.23
Diogo Tinoco,11.23
Razvan Aghion,11.23
Noel Pall,11.23
Ching Wah Wai,11.23
Aristotelis Bezianis,11.23
Ori Baron,11.23
Rafael Ymer,11.23
Fabio Nestola,11.23
Alexander Edley,11.22
Amirkhamza Nasridinov,11.22
Luke Bollinger,11.22
Nil Bibard Grau,11.22
Michael Kouame,11.22
Lucas Phanthala,11.22
Max Exsted,11.22
Patrik Homola,11.22
Itay Feigin,11.22
Pablo Paez Munoz,11.22
Mathieu Derache,11.22
Diego Ortiz Gamonal,11.21
Justin Braverman,11.21
Mateo Álvarez Sarmiento,11.21
Abel Forger,11.21
Kase Schinnerer,11.21
Manas Dhamne,11.21
Roberto Ferrer Guinaraes,11.2
Adria Pratdepadua Casabell,11.2
Hamza El Amine,11.2
Nathan Favier,11.2
Achilles Belkovics,11.2
Dani Martinez Siurana,11.2
Christopher Norlin,11.19
Miguel Ángel Alonso,11.19
Dean Kamenev,11.19
Luca Lo Nardo,11.19
Hugo Hidalgo Vega,11.19
Nejc Škorjanc,11.19
Dylan Applegate,11.19
Sebastian Rondon,11.19
Thanaphat Boosarawongse,11.19
Gabriel Garay,11.19
Hubert Theriault,11.19
Dong Hwan Kim,11.19
Zhengqing Ji,11.19
Jack Wong,11.19
Perry Di Giulio,11.19
August Gustafson,11.19
Denny Bao,11.19
Takamasa Mishiro,11.19
Peter Politis,11.19
Antoni Fabre,11.18
Víctor Arribas Gutierrez,11.18
Christian Fellin,11.18
Stefan Regalia,11.18
Russell Soohoo,11.18
Maxim Dontsov,11.18
Max Batyutenko,11.18
John Lasanajak,11.18
Keanu Rigby,11.18
Louie Fletcher,11.18
Andrew Zimcosky,11.18
Lucas Coriaty,11.18
Haesun Lee,11.18
Filip Lukowski,11.17
Adrian Contreras,11.17
Olivier Manczak-mancewicz,11.17
Sanjeev Chundu,11.17
Sujit Chepuri,11.17
Mason Tran,11.17
Eytan Michaeli,11.17
David Mamalat,11.17
James Lian,11.17
Youssef Kadiri Hassani,11.17
Mario Garoz Romero,11.16
Robert Guna,11.16
Islam Orynbasar,11.16
Steve Nguyen,11.16
Duhyun Eum,11.16
Louis Agostini,11.16
Ivan Burnashov,11.16
Vadym Rogynskyi,11.16
Emil Grantcharov,11.15
Jeiden Saidizand,11.15
Jiaxi Ma,11.15
Johann Rakotomaharo,11.15
Leo Cohen Bacrie,11.15
Mathis Jouanneau,11.15
Alex Lepine,11.15
Theo Herrmann,11.15
Pavel Kelo,11.15
Markus Molder,11.15
Luca Preda,11.15
Lucio Ratti,11.15
Filippo Martini,11.15
Anthony Weingarten,11.15
Daniil Sarksian,11.14
James Cockrell,11.14
Daniel Khazime,11.14
Julius Kostopoulos,11.14
Alan Matyjas,11.14
Saahith Jayaraman,11.14
Petar Basic Palkovic,11.13
Amit Vales,11.13
Piotr Siekanowicz,11.13
Arvid Hallgren,11.13
Nico Jamison,11.13
Myko Yohann Himad Kouame,11.13
Bruno Fernandez,11.13
Ali Mounir,11.13
Calin Teodor Stirbu,11.13
Pedro Sasso,11.13
Henrik Lynum,11.13
Guillaume Jacob,11.13
Aditya Narayanan,11.13
Dominique Rolland,11.13
Piotr Andrzejewski,11.13
Martín Pestana Gonzales,11.13
Martin Garcia-ripoll Ore,11.13
Yuvan Nandal,11.13
Mohamed Amin Oueslati,11.13
Abhishek Thorat,11.13
Mats Herremans,11.12
Christian A Gonzalez,11.12
Alfrendo Vogelaar,11.12
Viktor Frydrych,11.12
James Delgado,11.12
Daniel Berenblit,11.12
Connor Laymon,11.12
Ariel Zauber,11.12
Harrison Huai,11.12
Dorian Vasung,11.12
Marcus Sebastian,11.12
Matthew Staton,11.12
Raffaele Mariani,11.12
Ivan Kremenchutskyi,11.12
Darius Flo Pop,11.11
Jacopo Bilardo,11.11
David Schwarc,11.11
Kaveh Taheri,11.11
Julian Wu,11.11
Tomas Valencia,11.11
Diego Quispe-kim,11.11
Majdi Ben Abdelwehid,11.11
Kane Kelley,11.11
Noah Gabriel,11.11
Georg Eduard Israelan,11.11
Rohan Belday,11.11
Victor Barros Fernandes,11.11
Edouard Aubert,11.11
Gur Trakhtenberg,11.11
Matei Victor Palcau,11.1
Teun Rozenberg,11.1
Marcel Dzieło,11.1
Joel Schwärzler,11.1
Carlos Manuel Alvarez Castillo,11.1
Filipe Grebentsov,11.1
Mateo Del Pino,11.1
Elias Shokry,11.1
Cyrus Mahjoob,11.1
Aaron Sandler,11.1
Victor Kuznetsov,11.1
David Barrero,11.1
Alfred Almasi,11.09
Jorge Carlos Camara Allgaier,11.09
Oskar Jansson,11.09
Linus Videhult,11.09
Stefan Simeunovic,11.09
Tommy Czaplinski,11.09
Sil Hollemans,11.09
Matheus Amorim De Lima,11.09
Tiago Silva,11.09
Nikita Sidorov,11.09
Eduardo Pobes Burillo,11.09
Luis Santana,11.08
Alejandro Jacome,11.08
Daniel Ardila,11.08
Artiom Dorofeev,11.08
Vojtech Burian,11.08
Sergio Ramirez Ocana,11.08
Shion Motoyama,11.08
Andres Castellanos Carrillo,11.08
Nikolajs Galkins,11.08
Luis Utrilla,11.08
Itay Bity,11.08
Denys Zamaraiev,11.08
Benedek Szombathelyi,11.07
Luciano Alcocer,11.07
Gustavs Dambins,11.07
Adam Majchrzak,11.06
Ante Petar Ercegovic,11.06
Ethan Tokar,11.06
Abdelrahman Argoun,11.06
Aayush P. Bhat,11.06
Callum Markowitz,11.06
Haru Sonton,11.06
Brian Bozemoj,11.06
Andrew Chong,11.06
Ange-kevin Koua,11.05
Corey Craig,11.05
Mario Antonio,11.05
Jakub Jedrzejczak,11.05
Pramukh Shankar,11.05
Daniel Kong,11.05
Yerassyl Yerdilda,11.04
Jiang Yunhan,11.04
Emilio Sanchez,11.04
Andrea Tiburzio,11.04
Lun Obrul,11.04
Elwin Gauffin,11.04
Tomas Quesada Perez,11.04
Tikhon Fedorov,11.04
Egor Kirakosov,11.04
Denim Yadav,11.04
Jaka Protič Žakelj,11.04
Dragomir Draganov,11.04
Lenni Loukkola,11.04
Adam Krischke,11.03
Mikita Tsiareshka,11.03
Adam Bojkovic,11.03
Nikola Djosic,11.03
Ricardo Batista,11.03
Garv Bahl,11.03
Tommy Harrison,11.03
Matisse Farzam,11.03
Jacob Olar,11.03
Jonah Gethin,11.03
Federico Pieckenstainer,11.03
Rasmus Egehus,11.03
Zachariasz Rytelewski,11.03
Filip Kana,11.03
Inigo Diaz,11.03
Tom Dunlop,11.03
Victor Frumholz,11.03
Matthew Harper,11.03
Andrea Meduri,11.03
Jakub (2003) Novak,11.03
Taha Messelmani,11.02
Malo Harel,11.02
Paulo Guillermo Ramos,11.02
Maxim Michaels,11.02
Nicholas Patrick,11.02
Nicholas Chen,11.02
Georgi Georgiev,11.02
Stijn Paardekooper,11.02
Rafael Rojas Lunz,11.02
Caleb Saltz,11.02
Warren Pham,11.02
Rahul Sachdev,11.02
Jan Jadlovský,11.02
Rishit Dakhane,11.02
Tyler Nguyen,11.02
Benjamin Ginefri,11.02
Sam De Vries,11.01
Vishnu Bodavula,11.01
Eugene Vasilakis,11.01
Lautaro Sanchez,11.01
Max Dahlin,11.01
Andres De Los Ríos Kolejewska,11.01
Henry Lamchinniah,11.01
Jordyn Larke,11.01
Mathias Klimovicz,11
William Hsieh,11
Antoine Renard,11
Taj Hibbert,11
Erik Schiessl,11
Richard Antoni,11
Nicolas Recoura,11
Ethan Blot,11
Benjamin Martin,11
Mai Gao,10.99
Teodor Hessle,10.99
Gokalp Ayar,10.99
Jett Leong,10.99
Carel Wessel,10.99
Rocco Piatti,10.99
Benjamin Zhou,10.99
James Beaven,10.99
Aj Mercer,10.99
Janis Simmen,10.99
Augusto Andrade,10.99
Phillip Dell,10.99
Emilio Viciana Marti,10.98
Lucas Perrang,10.98
Mark Taranov,10.98
Reiya Hattori,10.98
Beren Tan,10.98
Stefan Simeunovic,10.98
Luka Novakovic,10.98
Fabio Varella,10.98
Eric Kuo,10.98
Matthew Fullerton,10.98
Brendan Mcdonald,10.98
Jamie Diack,10.98
Gian Carlos Rodriguez,10.98
David Simeonov,10.98
Jiayang Dong,10.98
Juliusz Herok,10.98
David Middleton,10.98
Iago Dominguez Alvarez,10.97
Gonzalo Alvarez De Mon Ramir,10.97
Lucien Michel,10.97
Nik Miković,10.97
Oscar Gabr Morales Barrera,10.97
Nikola Kuraica,10.97
Aniketh Ayinala,10.97
Thibaut Vincent,10.97
Camilo Cano Gomez,10.97
Martin Lerma,10.97
Cooper Gordon,10.97
Lucas Collange,10.97
Justin Lenderman,10.97
Juho-eric Biggs,10.97
Erden Er Er,10.97
Nicolas Aubert,10.97
Leo Matthysen,10.96
Lorenzo Angelini,10.96
Diego Jarry Fillol,10.96
Antoine Nivault,10.96
Parashar Bharadwaj,10.96
Elias Peter,10.96
Ghouse Faisal,10.96
Arthur Freslon,10.96
Goncalo Marques,10.95
Hoan Mouret,10.95
Min Seong Kim,10.95
Andreas Chapides,10.95
Ryoma Mishiro,10.95
William Jucha,10.95
Eli Gordon,10.95
Bon Lou Karstens,10.95
Markus Ekstrand,10.95
Michael Abagyan,10.95
Pedro Cressoni,10.95
Sabi Roi,10.95
Sean Marcel Saal,10.94
Geonwoo Lee,10.94
Sahil Savasere,10.94
Chang Hun Lee,10.94
Ethan Green,10.94
Caden Hasler,10.94
Dean Cooper Kirby,10.94
Peter Anastasakis,10.94
Isaac Lopez Perez,10.94
John Magnusson Gidefjord,10.94
Ioannis Von Meyenburg,10.94
Nathan Caoile,10.93
Daniel Zimmermann,10.93